[{"id":"6283139027344@s.whatsapp.net","name":"dian ","age":" 15","time":"16:25:33 - 18•09•2021"},{"id":"601152766294@s.whatsapp.net","name":"bruh ","age":" 14","time":"12:20:13 - 18•09•2021"},{"id":"6281218272767@s.whatsapp.net","name":"Rian","age":"15","time":"11:15:52 - 18•09•2021"},{"id":"6289507797752@s.whatsapp.net","name":"yuno ","age":" 15","time":"07:46:57 - 18•09•2021"},{"id":"573108103500@s.whatsapp.net","name":"SantyGz ","age":" 17","time":"07:39:52 - 18•09•2021"},{"id":"628977458101@s.whatsapp.net","name":"redo ","age":" 18","time":"23:03:54 - 17•09•2021"},{"id":"16147589392@s.whatsapp.net","name":"Alfina ","age":" 16","time":"22:34:05 - 17•09•2021"},{"id":"6282150456889@s.whatsapp.net","name":"Rezkya Maulidina ","age":" 12","time":"20:58:55 - 17•09•2021"},{"id":"6285871670906@s.whatsapp.net","name":"Kasur ","age":" 16","time":"20:41:49 - 17•09•2021"},{"id":"6288296429263@s.whatsapp.net","name":"Nurul","age":"13","time":"20:06:53 - 17•09•2021"},{"id":"6283143520431@s.whatsapp.net","name":"Lita ","age":" 15","time":"20:06:05 - 17•09•2021"},{"id":"6283170934121@s.whatsapp.net","name":"ridho ","age":" 18","time":"18:35:18 - 17•09•2021"},{"id":"62887433157369@s.whatsapp.net","name":"zuzu ","age":" 16","time":"17:17:59 - 17•09•2021"},{"id":"6285230155749@s.whatsapp.net","name":"amanda ","age":" 12","time":"17:16:59 - 17•09•2021"},{"id":"6289648217060@s.whatsapp.net","name":"zakwan ","age":" 16","time":"17:16:07 - 17•09•2021"},{"id":"6288286136352@s.whatsapp.net","name":"Bintang ","age":" 15","time":"17:15:00 - 17•09•2021"},{"id":"6281221925553@s.whatsapp.net","name":"andre","age":" 15","time":"14:10:34 - 17•09•2021"},{"id":"6281382831763@s.whatsapp.net","name":"andre","age":"15","time":"12:40:16 - 17•09•2021"},{"id":"6288232214219@s.whatsapp.net","name":"Rendy","age":"16","asal":"Indonesia","pacar":"Jomblo:v","time":"11:26:40 - 17•09•2021"},{"id":"6283186335825@s.whatsapp.net","name":"Private","age":"16","asal":"Tokyo","pacar":"jomblo:v","time":"11:24:29 - 17•09•2021"},{"id":"6283802635642@s.whatsapp.net","name":"Irra","age":"18","asal":"Palembang","pacar":"Saidan","time":"10:51:17 - 17•09•2021"},{"id":"62858779776969@s.whatsapp.net","name":"Xenji","age":"19","asal":"Japan","pacar":"Liyu","time":"10:23:08 - 17•09•2021"},{"id":"628979586440@s.whatsapp.net","name":"Chang'e🌸","age":"17","asal":"Indonesia","pacar":"sarah","time":"06:55:12 - 17•09•2021"},{"id":"6281231951590@s.whatsapp.net","name":"anu","age":"16","asal":"anu","pacar":"anu","time":"00:07:04 - 17•09•2021"},{"id":"6283126182939@s.whatsapp.net","name":"Gilang","age":"16","asal":"Jabar","pacar":"Arum","time":"00:04:17 - 17•09•2021"},{"id":"6289509428780@s.whatsapp.net","name":"AhmadNabil","age":"13","asal":"JakartaBarat","pacar":"Jomblo","time":"23:28:50 - 16•09•2021"},{"id":"6285273356334@s.whatsapp.net","name":"Muthia","age":"13","asal":"Palembang","pacar":"Jomblo","time":"20:44:20 - 15•09•2021"},{"id":"6282181393078@s.whatsapp.net","name":"Ipin","age":"18","asal":"Pekanbaru","pacar":"gada_-","time":"14:31:21 - 15•09•2021"},{"id":"6288226487112@s.whatsapp.net","name":"anjg","age":"16","asal":"jepang","pacar":"kepo","time":"10:38:42 - 15•09•2021"},{"id":"6289630645643@s.whatsapp.net","name":"mikey","age":"14","asal":"jakarta","pacar":"gada","time":"14:07:27 - 13•09•2021"},{"id":"6281545829534@s.whatsapp.net","name":"Amell","age":"23","asal":"jawa","pacar":"udah","time":"14:06:41 - 13•09•2021"},{"id":"62815458295348@s.whatsapp.net","name":"Rikka","age":"13","asal":"jakarta","pacar":"gada","time":"14:03:43 - 13•09•2021"},{"id":"6285883248395@s.whatsapp.net","name":"Liaa","age":"14","asal":"jaksel","pacar":"putra","time":"13:21:20 - 13•09•2021"},{"id":"6282346699610@s.whatsapp.net","name":"Lathifah","age":"16","asal":"Makassar","pacar":"Jomblo","time":"12:26:31 - 13•09•2021"},{"id":"62895603352610@s.whatsapp.net","name":"Johannes","age":"15","asal":"Medan","pacar":"Jomblo🗿","time":"11:41:50 - 13•09•2021"},{"id":"6285857948496@s.whatsapp.net","name":"ilham","age":"16","asal":"jogja","pacar":"undefined","time":"11:01:28 - 13•09•2021"},{"id":"6289527619507@s.whatsapp.net","name":"Surya","age":"17","time":"09:18:47 - 13•09•2021"},{"id":"6282217590187@s.whatsapp.net","name":"Kamikaze","age":"17","asal":"Makassar","pacar":"Nakano Miku","time":"06:38:31 - 13•09•2021"},{"id":"62895422538080@s.whatsapp.net","name":"Rubah","age":"21","asal":"sungai","pacar":"single","time":"06:16:19 - 13•09•2021"},{"id":"6281279557667@s.whatsapp.net","name":"kentod","age":"19","asal":"stod","pacar":"kontod","time":"16:27:48 - 11•09•2021"},{"id":"6282376222531@s.whatsapp.net","name":"stod","age":"19","asal":"kntl","pacar":"love","time":"23:16:31 - 10•09•2021"},{"id":"6285397291707@s.whatsapp.net","name":"Kyla","age":"18","asal":"Makassar","pacar":"nggakada","time":"20:09:54 - 10•09•2021"},{"id":"6281282707723@s.whatsapp.net","name":"Dea","age":"13","asal":"Depok","pacar":"only store","time":"19:58:51 - 10•09•2021"},{"id":"6282265226044@s.whatsapp.net","name":"Cecilia Filnore Attakunisaputra","age":"11","asal":"Tulungagung","pacar":" Jomblo happy","time":"10:44:58 - 10•09•2021"},{"id":"6285892386107@s.whatsapp.net","name":"kall","age":"14","asal":"Depok","pacar":" Jomblo bang","time":"09:54:58 - 10•09•2021"},{"id":"6282366415501@s.whatsapp.net","name":"syahira ","age":" 13","asal":"aceh","pacar":"zomblo:v","time":"10:35:50 - 09•09•2021"},{"id":"62895320077669@s.whatsapp.net","name":"Mayra","age":"14","asal":"Kepo","pacar":"Bestie Surya","time":"08:23:48 - 09•09•2021"},{"id":"6283168912977@s.whatsapp.net","name":"Rifki","age":"15","asal":"Lampung","pacar":"Dea❤️","time":"08:18:04 - 09•09•2021"},{"id":"6283140748052@s.whatsapp.net","name":"Vinsen","age":"14","asal":"Kalimantan barat","pacar":"Ga ada 🤣","time":"08:11:50 - 09•09•2021"},{"id":"6288809616937@s.whatsapp.net","name":"Reva","age":"14","asal":"Bogor","pacar":"Tristan❤️","time":"08:06:48 - 09•09•2021"},{"id":"6281935507817@s.whatsapp.net","name":"Tristan","age":"14","asal":"Lampung","pacar":"Reva❤️","time":"08:01:58 - 09•09•2021"},{"id":"6282198938463@s.whatsapp.net","name":"Kizora","age":"13","asal":"merauke","pacar":"huhu","time":"10:37:32 - 09•09•2021"},{"id":"6285156835896@s.whatsapp.net","name":"Archimedes","age":"17","asal":"Wono","pacar":"Tika","time":"11:38:02 - 09•09•2021"},{"id":"6282334973862@s.whatsapp.net","name":"Levy","age":"13","asal":"Kediri","pacar":"ga ada","time":"12:12:27 - 09•09•2021"},{"id":"62895415497664@s.whatsapp.net","name":"Surya","age":"16","asal":"Jepara","pacar":"Bestie Mayra","time":"12:15:40 - 09•09•2021"},{"id":"6281999505999@s.whatsapp.net","name":"Dinda","age":"13","asal":"Sidoarjo","pacar":"Dah Biasa Sendiri","time":"12:50:16 - 09•09•2021"},{"id":"6283135591870@s.whatsapp.net","name":"Noval Tzy","age":"16","asal":"Ponorogo","pacar":"Lunox chan punya gw","time":"18:39:43 - 09•09•2021"},{"id":"6281227993047@s.whatsapp.net","name":"Amanda","age":"13","asal":"Gunungkidul","pacar":"Alpin","time":"18:49:43 - 09•09•2021"},{"id":"6285280513904@s.whatsapp.net","name":"Akbar","age":"15","asal":"Bandar Lampung","pacar":"Dea ><","time":"21:22:28 - 09•09•2021"},{"id":"6285708805596@s.whatsapp.net","name":"Wulan","age":"14","asal":"Kediri","pacar":"Kepo😑","time":"10:50:28 - 10•09•2021"},{"id":"6285394501215@s.whatsapp.net","name":"OrangAsing","age":"12","asal":"Sulawesi","pacar":"Gada","time":"15:18:59 - 13•09•2021"},{"id":"6282394415872@s.whatsapp.net","name":"kontomemegalodon","age":"30","asal":"kontolomars","pacar":"memeg","time":"15:27:06 - 13•09•2021"},{"id":"6281282668343@s.whatsapp.net","name":"handsome","age":"16","asal":"karawang","pacar":"Putri","time":"15:29:29 - 13•09•2021"},{"id":"6287806923281@s.whatsapp.net","name":"anu","age":"19","asal":"bumi","pacar":"yulia","time":"15:34:54 - 13•09•2021"},{"id":"6282363890581@s.whatsapp.net","name":"elang","age":"15","asal":"Medan","pacar":"gada","time":"16:33:42 - 13•09•2021"},{"id":"628979066988@s.whatsapp.net","name":"terserah","age":"19","asal":"akibhara","pacar":"gaada","time":"16:39:55 - 13•09•2021"},{"id":"6287769088291@s.whatsapp.net","name":"wibu","age":"13","asal":"BL","pacar":"gada-_____-","time":"16:54:29 - 13•09•2021"},{"id":"6281907867994@s.whatsapp.net","name":"ikyy","age":"15","asal":"Surabaya","pacar":"gada_-","time":"16:55:30 - 13•09•2021"},{"id":"821027237549@s.whatsapp.net","name":"LanzGanteng","age":"18","asal":"Surabaya","pacar":"Gada_-","time":"21:39:13 - 13•09•2021"},{"id":"6282157194127@s.whatsapp.net","name":"selvi","age":"14","asal":"NGABANG","pacar":"Gaada","time":"16:36:07 - 14•09•2021"},{"id":"84964614112@s.whatsapp.net","name":"Surya","age":"16","asal":"Jateng","pacar":"GakAda🙂","time":"18:43:43 - 14•09•2021"},{"id":"6281222143991@s.whatsapp.net","name":"PUTRI","age":"12","asal":"SOLO","pacar":"KEPO","time":"20:50:59 - 15•09•2021"},{"id":"6281232456284@s.whatsapp.net","name":"Surya","age":"16","asal":"Jepara","pacar":"Mayr","time":"21:53:25 - 15•09•2021"},{"id":"6288216584536@s.whatsapp.net","name":"OSAS","age":"23","asal":"SEMARANG","pacar":"UDH","time":"16:08:31 - 16•09•2021"},{"id":"6283183966937@s.whatsapp.net","name":"Rizkye","age":"20","asal":"Sumatera","pacar":"Utara","time":"16:58:48 - 16•09•2021"},{"id":"6285641673734@s.whatsapp.net","name":"Arifureta","age":"17","asal":"sinarjaya","pacar":"selly","time":"17:00:42 - 16•09•2021"},{"id":"62895605554443@s.whatsapp.net","name":"yudha","age":"15","asal":"jambi","pacar":"g","time":"17:21:10 - 16•09•2021"},{"id":"6285378853162@s.whatsapp.net","name":"Asta","age":"15","asal":"Jepang","pacar":"miku","time":"17:27:09 - 16•09•2021"},{"id":"6282283068962@s.whatsapp.net","name":"Mika","age":"15","asal":"Pekanbaru","pacar":"Han","time":"17:44:39 - 16•09•2021"},{"id":"6285765670163@s.whatsapp.net","name":"sai","age":"17","asal":"konoha","pacar":"jomblo","time":"18:07:03 - 16•09•2021"},{"id":"6282287719657@s.whatsapp.net","name":"Noname","age":"20","asal":"Sahara","pacar":"Jojo","time":"18:24:53 - 16•09•2021"},{"id":"6289528792866@s.whatsapp.net","name":"Nurul","age":"18","asal":"Sulsel","pacar":"Nothing","time":"18:26:19 - 16•09•2021"},{"id":"6281937544492@s.whatsapp.net","name":"Thahir","age":"17","asal":"Jepara","pacar":"mutia","time":"18:32:36 - 16•09•2021"},{"id":"6282306633999@s.whatsapp.net","name":"tiara","age":"16","asal":"indo","pacar":"radit","time":"18:32:57 - 16•09•2021"},{"id":"6282314460324@s.whatsapp.net","name":"Vinna","age":"14","asal":"Jogja","pacar":"Adhe:v","time":"21:17:55 - 16•09•2021"},{"id":"6281572125437@s.whatsapp.net","name":"Fadhilgz","age":"20","asal":"jawatengah","pacar":"jomblo","time":"23:25:50 - 16•09•2021"},{"id":"6281233589461@s.whatsapp.net","name":"Sherlyana ","age":" 12","time":"20:59:08 - 18•09•2021"},{"id":"6285807200273@s.whatsapp.net","name":"Raka","age":"16","time":"23:34:38 - 18•09•2021"},{"id":"6282257410138@s.whatsapp.net","name":"asep ","age":" 15","time":"18:11:46 - 19•09•2021"},{"id":"6287771854031@s.whatsapp.net","name":"mineral ","age":" 12","time":"10:36:38 - 20•09•2021"},{"id":"6289630907164@s.whatsapp.net","name":"Ludwig ","age":" 20","time":"14:18:40 - 20•09•2021"},{"id":"6285743780860@s.whatsapp.net","name":"Mecha Botz","serial":"f94431c45da7980","time":"21:13:54 - 20•09•2021"}]